Bean_Origin,Roast_Level,Flavor_Profile,Customer_Rating,Actual_Price_INR,Competitor_Price_INR,Bean_Cost_INR,Sale_Date
Kenya,Medium,Nutty,3.7,402.24,379.21,150,2024-10-19
Kenya,Medium,Fruity,4.7,480.63,461.16,150,2025-06-19
Colombia,Light,Fruity,3.3,412.96,413.09,130,2024-11-13
Brazil,Dark,Floral,3.1,303.91,317.18,120,2024-12-23
Guatemala,Medium,Chocolatey,3.4,254.43,234.48,135,2024-11-17
Brazil,Medium,Caramel,4.5,207.29,199.58,120,2025-06-05
Guatemala,Light,Floral,3.9,489.47,521.01,135,2025-04-10
Colombia,Medium,Floral,3.4,403.06,418.83,130,2025-01-08
Ethiopia,Light,Chocolatey,3.9,397.68,425.55,140,2024-12-12
Colombia,Dark,Fruity,4.2,390.66,356.71,130,2025-06-10
Guatemala,Medium,Fruity,3.5,347.53,325.49,135,2025-05-12
Ethiopia,Medium,Caramel,4.8,393.42,391.14,140,2024-10-26
Ethiopia,Light,Chocolatey,3.9,483.33,478.24,140,2024-11-18
Colombia,Light,Caramel,3.6,483.58,448.49,130,2024-11-01
Colombia,Medium,Fruity,4.8,416.82,454.21,130,2024-10-07
Brazil,Medium,Chocolatey,4.7,210.7,191.2,120,2025-06-15
Guatemala,Dark,Caramel,4.5,279.43,297.29,135,2025-03-12
Ethiopia,Medium,Chocolatey,4.6,435.65,443.17,140,2024-10-28
Ethiopia,Light,Fruity,3.7,371.86,381.45,140,2024-10-24
Ethiopia,Medium,Caramel,4.8,306.16,311.44,140,2024-07-29
Colombia,Light,Floral,4.3,330.48,322.31,130,2025-03-22
Guatemala,Dark,Fruity,3.4,273.86,258.27,135,2025-05-20
Ethiopia,Medium,Floral,4.5,255.16,234.58,140,2025-02-18
Colombia,Dark,Fruity,3.8,372.37,391.9,130,2024-08-03
Colombia,Light,Chocolatey,3.1,287.97,291.56,130,2025-04-16
Ethiopia,Dark,Floral,4.4,430.69,395.58,140,2024-07-09
Brazil,Medium,Chocolatey,3.2,486.36,483.28,120,2024-07-01
Brazil,Light,Caramel,3.4,372.79,397.02,120,2025-02-14
Kenya,Light,Caramel,4.4,224.79,220.42,150,2024-08-23
Ethiopia,Dark,Caramel,4.5,247.57,231.75,140,2024-12-06
Brazil,Dark,Nutty,3.9,390.91,408.65,120,2024-12-16
Brazil,Dark,Chocolatey,3.9,251.02,238.49,120,2024-08-07
Ethiopia,Dark,Caramel,4.9,335.76,305.18,140,2024-11-24
Ethiopia,Medium,Nutty,4.8,393.37,427.22,140,2024-08-29
Colombia,Dark,Fruity,4.4,376.46,406.1,130,2025-04-04
Brazil,Medium,Nutty,4.6,477.11,456.45,120,2025-02-02
Colombia,Medium,Fruity,3.1,225.58,246.58,130,2025-01-28
Kenya,Dark,Floral,4.4,263.39,268.2,150,2024-12-04
Ethiopia,Dark,Fruity,4.5,292.32,284.52,140,2024-08-04
Ethiopia,Medium,Nutty,3.0,289.62,263.29,140,2025-05-18
Colombia,Dark,Floral,4.1,352.61,350.85,130,2024-07-17
Kenya,Medium,Nutty,4.4,206.18,199.44,150,2025-01-19
Colombia,Dark,Caramel,4.9,420.81,405.93,130,2025-04-13
Guatemala,Medium,Floral,3.2,209.41,206.6,135,2024-11-18
Ethiopia,Dark,Nutty,3.8,374.85,351.34,140,2024-12-29
Colombia,Dark,Caramel,3.4,292.85,278.51,130,2024-08-21
Colombia,Dark,Floral,3.7,309.75,315.64,130,2024-10-27
Colombia,Dark,Caramel,4.2,420.05,386.65,130,2024-07-14
Kenya,Light,Nutty,3.9,233.61,251.95,150,2025-04-02
Brazil,Medium,Nutty,4.9,277.06,259.22,120,2025-01-14
Kenya,Dark,Chocolatey,4.1,214.61,210.04,150,2025-04-26
Guatemala,Light,Nutty,3.7,378.0,360.66,135,2024-09-06
Brazil,Medium,Fruity,4.4,480.34,472.56,120,2025-03-18
Kenya,Medium,Chocolatey,4.6,315.89,313.31,150,2025-05-30
Guatemala,Light,Fruity,3.1,400.84,429.29,135,2025-03-14
Brazil,Light,Floral,3.6,461.64,468.62,120,2024-11-22
Ethiopia,Medium,Chocolatey,3.8,211.46,215.08,140,2025-05-23
Brazil,Medium,Chocolatey,4.3,363.18,344.06,120,2025-06-04
Guatemala,Light,Chocolatey,4.8,297.4,315.35,135,2024-08-05
Kenya,Medium,Nutty,4.5,269.89,292.86,150,2025-04-09
Colombia,Dark,Floral,3.1,385.1,353.18,130,2024-10-19
Guatemala,Light,Nutty,4.8,256.23,254.01,135,2024-11-27
Guatemala,Dark,Nutty,4.5,480.12,522.68,135,2025-05-27
Colombia,Light,Fruity,3.7,282.89,298.75,130,2024-09-16
Guatemala,Dark,Fruity,3.3,352.71,384.06,135,2025-03-15
Brazil,Medium,Floral,4.0,402.65,428.06,120,2025-05-01
Kenya,Medium,Caramel,3.1,325.71,350.46,150,2025-05-31
Guatemala,Medium,Floral,3.5,338.45,332.36,135,2025-05-08
Colombia,Light,Chocolatey,3.9,347.88,343.21,130,2025-06-26
Kenya,Medium,Floral,3.1,427.08,452.97,150,2025-01-30
Brazil,Light,Nutty,3.7,235.87,251.18,120,2024-10-01
Guatemala,Light,Fruity,3.3,440.21,446.47,135,2024-08-30
Guatemala,Dark,Fruity,3.0,390.62,387.66,135,2025-04-14
Brazil,Medium,Fruity,4.5,418.92,439.74,120,2024-09-21
Kenya,Dark,Caramel,3.6,219.42,241.07,150,2025-04-10
Colombia,Light,Caramel,3.8,383.88,421.9,130,2025-01-05
Colombia,Light,Chocolatey,4.0,214.37,216.34,130,2025-05-17
Brazil,Light,Chocolatey,3.7,255.33,278.07,120,2024-09-20
Guatemala,Medium,Caramel,4.3,448.27,404.2,135,2024-09-03
Kenya,Dark,Caramel,3.7,218.61,216.37,150,2025-03-06
Guatemala,Dark,Nutty,4.4,317.65,327.29,135,2025-01-05
Colombia,Medium,Floral,3.5,313.33,286.96,130,2024-12-23
Brazil,Light,Fruity,3.0,486.64,498.42,120,2025-02-20
Colombia,Light,Chocolatey,4.8,420.05,456.12,130,2025-04-11
Colombia,Medium,Caramel,3.3,220.98,239.75,130,2025-01-02
Ethiopia,Light,Floral,4.7,384.26,412.31,140,2024-08-14
Kenya,Medium,Chocolatey,4.3,395.54,411.83,150,2025-05-15
Guatemala,Light,Floral,3.2,471.53,434.3,135,2025-06-05
Guatemala,Light,Nutty,4.3,271.38,256.63,135,2025-05-29
Kenya,Dark,Chocolatey,4.6,326.51,299.4,150,2025-03-20
Colombia,Light,Fruity,3.2,205.92,216.87,130,2025-05-06
Kenya,Medium,Caramel,3.3,484.63,457.64,150,2025-05-31
Guatemala,Dark,Floral,4.4,358.69,323.89,135,2025-04-11
Brazil,Medium,Caramel,3.1,447.76,460.15,120,2025-01-15
Guatemala,Medium,Caramel,3.8,353.18,348.96,135,2024-12-24
Ethiopia,Light,Floral,3.8,350.44,379.79,140,2024-08-01
Ethiopia,Dark,Chocolatey,4.5,352.83,345.15,140,2025-04-24
Colombia,Medium,Floral,3.6,487.27,471.89,130,2025-05-06
Kenya,Dark,Floral,4.2,223.22,215.99,150,2024-11-26
Ethiopia,Dark,Floral,4.0,206.07,223.74,140,2025-01-23
Brazil,Medium,Chocolatey,3.1,348.15,346.14,120,2024-09-29
Colombia,Light,Fruity,4.9,212.56,200.75,130,2024-07-27
Kenya,Medium,Floral,3.4,468.62,480.98,150,2025-06-23
Kenya,Light,Fruity,5.0,474.52,494.97,150,2025-03-27
Brazil,Light,Floral,3.8,270.82,294.04,120,2025-01-28
Kenya,Light,Floral,3.1,391.97,420.37,150,2024-10-20
Guatemala,Medium,Chocolatey,3.2,216.82,218.76,135,2024-09-02
Kenya,Medium,Chocolatey,4.8,245.56,235.52,150,2024-12-21
Guatemala,Medium,Floral,3.7,355.01,342.78,135,2025-03-31
Guatemala,Dark,Chocolatey,4.1,496.1,489.58,135,2025-03-27
Colombia,Dark,Floral,4.5,273.82,271.98,130,2024-09-29
Brazil,Medium,Chocolatey,4.4,392.38,430.43,120,2024-09-13
Colombia,Medium,Floral,3.0,293.34,320.69,130,2025-03-20
Kenya,Dark,Fruity,4.8,385.6,370.97,150,2025-05-05
Brazil,Dark,Nutty,3.0,334.3,303.04,120,2025-06-17
Kenya,Dark,Floral,4.6,409.28,443.63,150,2025-02-09
Kenya,Light,Chocolatey,3.5,355.25,378.51,150,2025-03-10
Ethiopia,Medium,Nutty,3.5,444.28,426.94,140,2024-08-05
Guatemala,Medium,Floral,4.8,496.64,460.2,135,2024-09-09
Brazil,Medium,Floral,4.1,444.36,413.82,120,2025-02-21
Kenya,Light,Nutty,4.9,313.9,302.58,150,2024-09-14
Colombia,Medium,Fruity,4.2,344.92,367.89,130,2024-10-26
Ethiopia,Medium,Chocolatey,4.4,498.86,525.18,140,2024-10-23
Guatemala,Dark,Caramel,3.0,434.19,439.8,135,2025-05-24
Colombia,Light,Fruity,4.6,343.77,368.68,130,2025-02-24
Guatemala,Dark,Floral,4.1,462.22,431.91,135,2024-07-18
Brazil,Light,Chocolatey,3.9,433.41,403.3,120,2024-10-02
Kenya,Dark,Fruity,4.1,222.75,212.08,150,2025-02-09
Colombia,Light,Chocolatey,3.9,205.22,196.6,130,2025-05-20
Kenya,Medium,Floral,4.4,270.56,265.55,150,2024-10-08
Colombia,Light,Caramel,4.6,499.89,452.83,130,2024-10-25
Colombia,Light,Floral,4.6,437.9,434.35,130,2025-03-30
Kenya,Dark,Caramel,4.0,424.8,417.98,150,2025-02-23
Guatemala,Dark,Fruity,4.9,276.89,298.97,135,2025-03-12
Guatemala,Medium,Chocolatey,3.6,347.35,318.81,135,2024-12-04
Colombia,Light,Chocolatey,5.0,347.57,321.1,130,2025-06-22
Colombia,Light,Caramel,4.0,217.42,225.79,130,2025-01-04
Brazil,Light,Nutty,4.6,487.38,473.04,120,2025-01-08
Guatemala,Dark,Nutty,3.2,475.77,483.59,135,2025-06-22
Guatemala,Light,Floral,3.9,470.46,474.54,135,2025-03-30
Guatemala,Medium,Caramel,4.5,495.8,540.55,135,2024-06-29
Kenya,Dark,Chocolatey,4.2,453.73,410.82,150,2024-10-03
Ethiopia,Light,Floral,3.9,267.54,262.96,140,2024-08-04
Colombia,Medium,Floral,3.7,206.08,215.76,130,2025-06-26
Kenya,Dark,Chocolatey,4.3,406.19,432.8,150,2024-10-24
Ethiopia,Dark,Nutty,4.6,369.1,375.64,140,2024-12-08
Kenya,Light,Caramel,3.8,377.23,379.43,150,2025-03-11
Kenya,Dark,Nutty,4.9,294.16,291.09,150,2025-01-11
Guatemala,Dark,Fruity,4.3,452.52,455.99,135,2025-06-02
Kenya,Dark,Floral,3.7,499.55,496.14,150,2024-11-14
Guatemala,Medium,Nutty,3.9,448.92,442.53,135,2025-03-23
Ethiopia,Light,Floral,3.2,206.2,195.59,140,2024-10-26
Ethiopia,Medium,Floral,3.0,414.25,376.91,140,2024-09-11
Brazil,Medium,Chocolatey,3.3,389.77,404.37,120,2025-04-01
Colombia,Medium,Floral,5.0,429.07,423.94,130,2025-06-04
Guatemala,Light,Caramel,4.4,423.92,455.32,135,2024-06-29
Brazil,Medium,Nutty,4.1,448.13,467.27,120,2024-10-19
Ethiopia,Light,Floral,3.2,200.57,216.4,140,2024-12-31
Kenya,Light,Floral,3.5,398.73,364.84,150,2025-05-21
Colombia,Dark,Chocolatey,3.6,427.13,395.51,130,2025-02-11
Ethiopia,Medium,Chocolatey,4.9,421.97,421.73,140,2025-01-10
Colombia,Dark,Chocolatey,4.2,497.49,538.93,130,2025-04-05
Ethiopia,Dark,Floral,3.4,264.73,269.34,140,2025-05-30
Brazil,Medium,Caramel,4.8,419.01,398.26,120,2024-07-19
Colombia,Light,Floral,3.3,293.11,265.87,130,2025-05-30
Ethiopia,Medium,Fruity,4.2,254.64,261.25,140,2024-08-21
Colombia,Medium,Floral,3.5,464.1,446.64,130,2024-10-10
Guatemala,Medium,Fruity,3.2,279.49,295.6,135,2024-09-23
Colombia,Light,Chocolatey,3.7,328.74,317.08,130,2025-04-22
Ethiopia,Light,Caramel,4.4,435.35,461.05,140,2025-03-28
Colombia,Light,Nutty,4.2,218.31,223.28,130,2024-08-17
Ethiopia,Dark,Caramel,4.3,315.33,336.05,140,2024-08-27
Brazil,Light,Floral,4.2,313.22,304.1,120,2024-12-04
Kenya,Light,Chocolatey,4.6,443.48,436.59,150,2024-08-24
Brazil,Dark,Chocolatey,3.3,491.18,502.96,120,2025-04-27
Colombia,Light,Nutty,4.9,306.9,285.3,130,2024-11-07
Guatemala,Light,Chocolatey,4.7,426.66,427.32,135,2024-12-16
Brazil,Dark,Nutty,3.3,482.18,464.1,120,2024-12-13
Brazil,Dark,Nutty,3.5,270.46,264.38,120,2024-12-13
Brazil,Light,Chocolatey,3.3,495.28,484.26,120,2025-05-30
Guatemala,Medium,Floral,3.7,273.2,247.74,135,2025-06-11
Brazil,Dark,Caramel,3.2,353.14,323.64,120,2024-09-28
Guatemala,Light,Caramel,3.7,455.86,456.67,135,2024-09-13
Kenya,Medium,Fruity,3.3,345.1,370.94,150,2024-12-22
Ethiopia,Medium,Floral,4.4,253.88,242.71,140,2024-10-27
Colombia,Medium,Chocolatey,4.7,358.76,328.45,130,2024-10-12
Ethiopia,Dark,Fruity,4.5,265.96,244.88,140,2025-06-18
Kenya,Medium,Nutty,4.6,214.03,221.72,150,2025-02-19
Brazil,Light,Chocolatey,3.7,445.35,486.25,120,2024-11-10
Guatemala,Medium,Caramel,4.8,222.08,231.81,135,2024-10-06
Ethiopia,Medium,Nutty,3.8,287.26,276.56,140,2024-08-04
Ethiopia,Dark,Floral,3.2,305.41,320.22,140,2025-03-07
Colombia,Light,Fruity,4.7,430.4,437.25,130,2024-08-15
Colombia,Light,Floral,4.8,323.65,316.0,130,2024-08-16
Colombia,Medium,Floral,3.6,477.46,430.84,130,2024-12-12
Guatemala,Light,Nutty,4.6,428.99,449.91,135,2024-10-25
Brazil,Medium,Fruity,4.4,314.44,300.68,120,2025-04-11
Brazil,Light,Nutty,3.3,243.15,255.0,120,2024-09-11
Kenya,Medium,Nutty,3.9,255.17,241.64,150,2025-01-31
Ethiopia,Dark,Floral,4.9,356.49,337.83,140,2024-07-26
Ethiopia,Medium,Nutty,4.3,285.26,298.08,140,2025-06-04
Kenya,Light,Floral,3.1,282.25,303.35,150,2024-12-14
Brazil,Dark,Caramel,4.1,347.98,340.44,120,2024-08-03
Kenya,Medium,Nutty,3.9,244.58,222.49,150,2025-01-28
Brazil,Medium,Floral,4.4,386.11,359.06,120,2025-03-02
Brazil,Dark,Floral,3.3,311.76,303.4,120,2025-03-14
Kenya,Light,Floral,3.8,267.62,255.02,150,2025-05-21
Ethiopia,Dark,Floral,3.7,382.12,370.05,140,2025-01-11
Guatemala,Dark,Fruity,4.4,309.1,318.5,135,2024-09-05
Kenya,Medium,Fruity,3.3,295.97,276.32,150,2024-07-21
Brazil,Medium,Fruity,3.8,370.42,378.18,120,2024-08-05
Colombia,Medium,Floral,4.4,334.06,329.59,130,2024-08-04
Guatemala,Light,Floral,3.4,210.99,230.35,135,2024-07-25
Ethiopia,Dark,Chocolatey,4.8,416.47,401.99,140,2025-02-09
Brazil,Light,Nutty,3.3,376.9,365.01,120,2024-09-04
Guatemala,Light,Caramel,3.4,422.15,400.33,135,2025-02-15
Guatemala,Light,Caramel,4.5,399.72,410.8,135,2024-07-11
Brazil,Dark,Fruity,3.0,492.06,513.03,120,2024-11-05
Brazil,Light,Fruity,3.4,231.06,240.85,120,2024-09-14
Guatemala,Light,Nutty,4.8,363.11,345.23,135,2024-11-22
Ethiopia,Dark,Nutty,4.6,345.47,367.86,140,2025-01-21
Colombia,Medium,Floral,4.3,467.53,508.3,130,2025-05-13
Brazil,Dark,Floral,4.1,210.7,191.12,120,2024-11-16
Colombia,Light,Floral,3.3,245.28,255.62,130,2025-02-18
Ethiopia,Light,Fruity,3.4,375.39,345.09,140,2024-07-14
Brazil,Light,Floral,4.9,322.63,298.36,120,2025-05-28
Kenya,Light,Nutty,4.5,355.93,382.9,150,2025-06-04
Brazil,Dark,Caramel,4.6,477.13,518.61,120,2025-02-28
Kenya,Light,Nutty,3.4,296.62,289.67,150,2025-03-08
Kenya,Dark,Floral,4.7,487.13,460.54,150,2024-11-28
Brazil,Medium,Chocolatey,4.5,279.56,291.96,120,2024-10-03
Brazil,Dark,Floral,3.2,490.24,446.21,120,2025-06-27
Brazil,Dark,Chocolatey,4.9,371.26,405.35,120,2024-08-04
Ethiopia,Dark,Floral,5.0,402.92,426.0,140,2025-04-30
Colombia,Medium,Chocolatey,4.1,367.76,376.91,130,2025-04-26
Kenya,Dark,Nutty,3.9,206.16,214.03,150,2025-01-24
Brazil,Light,Caramel,3.4,485.91,498.31,120,2025-01-26
Brazil,Light,Caramel,3.4,353.72,351.5,120,2025-06-14
Kenya,Dark,Chocolatey,3.2,438.11,442.3,150,2024-10-31
Kenya,Light,Nutty,4.5,252.85,240.04,150,2024-07-03
Ethiopia,Light,Chocolatey,3.3,408.71,431.09,140,2025-03-08
Guatemala,Medium,Nutty,4.1,388.27,369.48,135,2024-12-15
Kenya,Medium,Nutty,4.2,229.27,218.5,150,2025-02-05
Ethiopia,Light,Chocolatey,3.2,223.95,232.12,140,2024-10-30
Ethiopia,Medium,Floral,4.5,340.82,374.33,140,2024-09-26
Guatemala,Dark,Nutty,4.2,400.84,398.22,135,2024-12-28
Brazil,Dark,Fruity,4.7,303.59,297.33,120,2025-04-17
Guatemala,Medium,Caramel,3.7,260.29,268.72,135,2025-04-16
Colombia,Light,Caramel,3.3,275.76,262.76,130,2025-03-29
Brazil,Light,Floral,3.4,472.67,484.94,120,2024-07-26
Colombia,Dark,Fruity,4.5,203.96,203.44,130,2024-08-19
Kenya,Dark,Fruity,3.4,394.12,409.62,150,2024-11-03
Ethiopia,Dark,Nutty,4.6,225.99,203.48,140,2024-11-14
Brazil,Dark,Caramel,3.5,202.67,218.66,120,2024-12-21
Kenya,Dark,Caramel,4.4,420.94,414.42,150,2025-03-03
Guatemala,Dark,Caramel,4.5,269.12,280.73,135,2025-05-01
Colombia,Dark,Floral,4.0,457.5,414.39,130,2025-02-03
Guatemala,Medium,Nutty,4.1,281.32,262.28,135,2025-02-08
Colombia,Dark,Chocolatey,4.4,328.85,298.89,130,2024-08-20
Colombia,Light,Floral,4.6,398.94,392.36,130,2025-05-17
Kenya,Light,Nutty,4.9,485.14,465.14,150,2025-03-02
Brazil,Light,Nutty,3.7,468.76,472.86,120,2024-08-27
Guatemala,Dark,Nutty,3.1,222.1,226.72,135,2024-08-22
Ethiopia,Medium,Nutty,5.0,289.61,311.71,140,2024-12-04
Ethiopia,Light,Chocolatey,3.9,230.23,215.24,140,2025-02-22
Colombia,Light,Chocolatey,3.4,271.39,282.93,130,2024-11-05
Brazil,Medium,Floral,3.8,496.98,451.11,120,2024-08-10
Guatemala,Dark,Fruity,3.2,269.2,271.5,135,2024-12-03
Ethiopia,Medium,Caramel,4.9,492.35,540.84,140,2025-03-11
Ethiopia,Light,Fruity,3.1,443.92,432.63,140,2025-02-03
Colombia,Light,Fruity,4.8,410.2,428.57,130,2024-08-21
Kenya,Light,Caramel,4.0,403.02,389.68,150,2024-12-10
Colombia,Light,Floral,3.6,250.77,254.03,130,2025-05-03
Colombia,Light,Chocolatey,4.7,284.01,272.32,130,2024-09-03
Brazil,Dark,Caramel,3.8,416.3,434.32,120,2025-04-25
Colombia,Medium,Fruity,4.9,279.14,260.3,130,2024-12-12
Brazil,Medium,Nutty,4.0,494.11,479.79,120,2025-04-03
Guatemala,Dark,Chocolatey,3.4,393.56,408.03,135,2025-03-26
Guatemala,Dark,Chocolatey,4.6,232.97,219.96,135,2024-08-29
Kenya,Light,Chocolatey,4.0,354.32,335.54,150,2024-07-02
Ethiopia,Light,Chocolatey,3.7,321.15,317.59,140,2024-10-10
Brazil,Medium,Floral,3.8,400.81,370.02,120,2025-01-27
Kenya,Dark,Floral,4.3,334.58,302.88,150,2024-11-04
Colombia,Medium,Chocolatey,3.5,287.7,290.75,130,2024-08-13
Brazil,Light,Floral,4.7,395.72,406.15,120,2025-04-02
Brazil,Medium,Chocolatey,4.2,223.88,218.1,120,2025-01-05
Brazil,Light,Floral,4.3,321.81,311.01,120,2025-01-13
Colombia,Dark,Fruity,3.5,315.33,323.53,130,2024-08-26
Ethiopia,Dark,Fruity,3.8,447.16,437.62,140,2024-10-03
Guatemala,Medium,Chocolatey,3.0,243.19,250.18,135,2024-07-03
Guatemala,Light,Nutty,4.6,277.64,276.07,135,2024-08-08
Ethiopia,Medium,Nutty,3.4,224.94,207.16,140,2024-07-12
Kenya,Light,Floral,4.6,368.63,381.94,150,2024-10-14
Kenya,Light,Floral,3.4,493.79,495.67,150,2024-08-16
Guatemala,Dark,Nutty,5.0,445.3,423.1,135,2024-12-03
Ethiopia,Medium,Caramel,4.9,270.06,251.02,140,2025-01-27
Guatemala,Dark,Nutty,3.8,320.67,305.22,135,2024-08-27
Kenya,Light,Nutty,3.5,215.53,211.3,150,2024-12-12
Colombia,Dark,Nutty,3.8,384.99,381.17,130,2025-04-27
Ethiopia,Light,Caramel,3.2,423.92,427.58,140,2024-11-10
Colombia,Medium,Nutty,4.8,397.7,420.79,130,2025-04-17
Ethiopia,Light,Fruity,3.7,443.27,467.52,140,2025-03-06
Brazil,Light,Caramel,4.3,376.79,361.57,120,2025-06-24
Brazil,Dark,Nutty,4.7,465.99,445.55,120,2024-08-21
Colombia,Light,Nutty,3.1,427.23,420.95,130,2025-01-07
Brazil,Light,Caramel,4.4,249.83,246.46,120,2024-08-12
Kenya,Medium,Fruity,4.2,488.58,528.39,150,2024-08-17
Brazil,Medium,Chocolatey,4.7,426.0,448.24,120,2024-11-24
Kenya,Light,Nutty,4.4,344.86,358.68,150,2025-03-04
Colombia,Medium,Floral,3.3,324.99,315.62,130,2025-03-29
Guatemala,Medium,Floral,4.3,386.2,392.66,135,2025-02-13
Colombia,Light,Floral,4.5,209.08,207.01,130,2025-01-09
Ethiopia,Dark,Chocolatey,3.5,237.77,241.04,140,2024-08-18
Ethiopia,Dark,Nutty,4.3,302.53,309.98,140,2024-09-21
Ethiopia,Light,Caramel,3.7,451.32,455.11,140,2024-11-21
Colombia,Dark,Nutty,4.5,465.24,419.81,130,2025-04-11
Brazil,Light,Fruity,4.2,312.14,306.28,120,2025-06-01
Colombia,Light,Caramel,4.0,476.61,501.09,130,2024-11-14
Kenya,Medium,Caramel,4.3,463.84,467.88,150,2024-10-22
Ethiopia,Dark,Fruity,3.2,422.25,442.75,140,2025-01-17
Kenya,Light,Caramel,4.7,289.34,311.4,150,2024-06-29
Colombia,Light,Floral,4.2,403.85,411.36,130,2024-12-28
Kenya,Light,Chocolatey,3.4,297.73,291.16,150,2025-03-26
Colombia,Medium,Chocolatey,3.5,281.98,261.39,130,2024-08-13
Brazil,Medium,Fruity,3.9,477.5,485.6,120,2025-03-13
Kenya,Light,Nutty,3.0,232.88,248.0,150,2024-12-28
Brazil,Medium,Fruity,4.8,424.89,402.72,120,2024-09-08
Kenya,Light,Floral,4.3,426.5,396.42,150,2024-07-08
Kenya,Light,Floral,3.9,309.72,312.26,150,2025-05-17
Colombia,Medium,Floral,4.9,238.6,251.18,130,2025-05-14
Kenya,Dark,Floral,4.7,322.7,318.26,150,2024-09-23
Brazil,Medium,Nutty,4.4,350.97,349.73,120,2025-02-10
Guatemala,Medium,Chocolatey,4.2,292.75,317.56,135,2024-10-28
Kenya,Light,Floral,3.1,412.49,403.68,150,2024-10-21
Guatemala,Light,Chocolatey,3.3,472.04,429.21,135,2024-09-21
Kenya,Dark,Caramel,4.6,359.62,356.99,150,2024-12-04
Brazil,Dark,Fruity,4.8,433.5,420.06,120,2024-08-20
Colombia,Dark,Chocolatey,3.8,342.34,345.93,130,2025-01-25
Brazil,Medium,Caramel,3.2,320.24,340.93,120,2024-09-11
Colombia,Dark,Floral,4.5,318.74,335.38,130,2025-05-05
Guatemala,Dark,Caramel,4.3,382.9,358.87,135,2025-05-26
Colombia,Dark,Caramel,4.2,232.7,223.28,130,2025-05-07
Colombia,Light,Floral,4.5,215.79,206.01,130,2024-11-05
Ethiopia,Light,Nutty,3.4,425.7,383.69,140,2024-12-21
Colombia,Medium,Fruity,3.4,201.41,210.15,130,2024-08-22
Ethiopia,Dark,Nutty,3.1,221.07,224.99,140,2024-12-30
Kenya,Dark,Floral,3.5,419.8,444.43,150,2024-10-02
Kenya,Medium,Fruity,3.1,320.1,350.83,150,2025-06-13
Guatemala,Dark,Fruity,3.1,244.93,240.36,135,2024-10-06
Ethiopia,Dark,Floral,5.0,298.81,297.39,140,2024-09-24
Colombia,Light,Floral,3.4,356.09,373.12,130,2025-05-25
Kenya,Light,Floral,3.6,390.85,388.41,150,2025-05-27
Kenya,Light,Nutty,4.6,285.94,266.03,150,2025-03-25
Colombia,Dark,Fruity,4.9,230.93,234.96,130,2025-02-18
Ethiopia,Medium,Nutty,4.9,307.9,297.28,140,2025-04-08
Kenya,Medium,Floral,4.4,372.15,402.2,150,2025-06-01
Brazil,Medium,Chocolatey,4.1,364.8,396.34,120,2024-12-31
Ethiopia,Light,Chocolatey,3.6,421.06,450.24,140,2025-02-15
Guatemala,Dark,Chocolatey,4.2,208.49,202.63,135,2025-04-28
Guatemala,Medium,Floral,3.6,401.48,398.26,135,2024-09-24
Guatemala,Dark,Caramel,4.6,353.97,332.68,135,2024-08-22
Ethiopia,Light,Fruity,4.4,429.7,437.21,140,2024-10-30
Brazil,Dark,Floral,3.9,305.62,311.94,120,2025-01-12
Kenya,Light,Caramel,4.5,329.81,318.41,150,2025-06-18
Colombia,Light,Floral,4.2,426.34,434.45,130,2025-04-10
Ethiopia,Dark,Chocolatey,3.4,320.9,297.93,140,2024-12-14
Colombia,Light,Nutty,4.0,390.1,363.16,130,2024-08-15
Ethiopia,Dark,Caramel,5.0,274.19,278.39,140,2025-06-19
Kenya,Medium,Nutty,4.7,351.78,327.48,150,2024-09-11
Guatemala,Light,Floral,4.4,304.19,330.99,135,2024-09-23
Guatemala,Medium,Fruity,3.8,212.9,231.65,135,2025-06-03
Colombia,Medium,Nutty,4.8,281.02,296.17,130,2025-06-24
Guatemala,Dark,Chocolatey,4.6,493.66,512.68,135,2024-11-08
Colombia,Dark,Floral,4.3,244.89,248.75,130,2025-02-25
Kenya,Medium,Nutty,4.5,243.1,223.02,150,2025-05-19
Colombia,Medium,Nutty,4.5,388.17,389.66,130,2024-07-16
Kenya,Medium,Chocolatey,4.5,267.76,244.86,150,2025-06-03
Brazil,Medium,Caramel,3.9,434.82,426.26,120,2024-08-29
Guatemala,Dark,Fruity,4.2,273.98,266.89,135,2025-05-08
Kenya,Medium,Fruity,4.6,279.15,254.41,150,2024-10-19
Kenya,Dark,Fruity,3.2,211.0,193.02,150,2025-02-25
Guatemala,Medium,Chocolatey,3.3,422.02,415.71,135,2025-06-07
Guatemala,Light,Caramel,4.6,261.14,245.46,135,2024-10-13
Brazil,Medium,Chocolatey,3.4,457.08,455.95,120,2024-12-13
Ethiopia,Medium,Chocolatey,4.0,439.6,401.35,140,2024-09-13
Brazil,Light,Fruity,4.7,327.54,355.3,120,2025-04-27
Brazil,Medium,Fruity,4.8,498.18,466.28,120,2025-03-09
Ethiopia,Light,Caramel,4.8,450.31,442.81,140,2024-07-07
Ethiopia,Medium,Fruity,5.0,366.75,334.55,140,2025-04-29
Kenya,Medium,Chocolatey,4.5,386.33,419.3,150,2025-06-11
Guatemala,Light,Floral,4.6,307.41,324.89,135,2025-04-28
Kenya,Dark,Nutty,4.9,231.73,224.81,150,2025-03-16
Kenya,Medium,Fruity,3.2,223.8,232.01,150,2024-09-11
Colombia,Medium,Chocolatey,4.4,297.6,269.08,130,2024-11-28
Colombia,Dark,Caramel,3.5,445.39,444.48,130,2024-08-28
Ethiopia,Dark,Floral,4.1,467.62,505.48,140,2024-07-15
Kenya,Dark,Chocolatey,4.4,319.86,307.07,150,2024-12-16
Colombia,Medium,Nutty,4.0,231.68,248.45,130,2024-08-08
Colombia,Light,Nutty,4.3,233.83,216.78,130,2024-08-12
Guatemala,Medium,Fruity,3.7,240.86,221.95,135,2024-12-31
Colombia,Dark,Floral,4.8,433.29,422.29,130,2024-12-27
Kenya,Dark,Fruity,4.2,326.04,356.8,150,2024-11-07
Colombia,Medium,Nutty,3.6,478.22,508.89,130,2024-08-02
Ethiopia,Dark,Floral,4.1,456.08,453.47,140,2024-11-01
Kenya,Dark,Caramel,3.5,257.06,265.93,150,2025-04-26
Kenya,Light,Fruity,4.7,422.97,450.06,150,2024-07-20
Ethiopia,Medium,Fruity,3.9,325.81,320.16,140,2024-12-17
Ethiopia,Medium,Fruity,4.8,255.27,278.62,140,2024-11-07
Brazil,Dark,Nutty,3.1,338.9,348.74,120,2025-03-10
Colombia,Medium,Nutty,4.4,317.47,338.99,130,2025-06-21
Kenya,Dark,Floral,4.7,490.7,491.95,150,2025-01-05
Ethiopia,Medium,Fruity,3.3,221.82,229.93,140,2025-06-14
Colombia,Medium,Caramel,4.3,278.26,288.6,130,2025-04-22
Guatemala,Dark,Caramel,4.9,248.71,267.49,135,2024-10-18
Colombia,Medium,Floral,3.0,278.18,303.17,130,2024-09-30
Kenya,Dark,Nutty,3.8,390.52,372.73,150,2025-03-16
Guatemala,Light,Chocolatey,4.5,439.55,421.6,135,2025-01-22
Brazil,Medium,Chocolatey,3.9,375.19,373.73,120,2025-04-05
Guatemala,Dark,Nutty,5.0,370.56,368.28,135,2025-05-10
Colombia,Light,Nutty,3.7,316.21,347.0,130,2024-12-01
Kenya,Light,Fruity,3.4,280.15,274.99,150,2025-02-19
Colombia,Medium,Chocolatey,3.1,499.41,521.34,130,2025-05-22
Kenya,Medium,Fruity,3.0,436.45,474.2,150,2025-05-24
Colombia,Dark,Caramel,4.9,456.37,432.16,130,2025-01-14
Kenya,Dark,Fruity,3.0,461.01,491.83,150,2024-12-14
Guatemala,Dark,Fruity,4.1,327.39,298.71,135,2024-11-19
Brazil,Light,Nutty,4.9,349.0,357.14,120,2025-05-03
Colombia,Medium,Nutty,3.7,315.21,315.54,130,2025-06-10
Kenya,Light,Caramel,4.9,275.11,261.84,150,2025-04-10
Colombia,Light,Caramel,4.0,450.59,421.7,130,2025-06-03
Kenya,Medium,Chocolatey,5.0,268.98,266.07,150,2025-01-21
Colombia,Medium,Fruity,4.3,240.94,261.59,130,2024-07-03
Guatemala,Medium,Caramel,3.8,424.11,426.48,135,2024-09-23
Colombia,Dark,Caramel,3.7,450.06,489.09,130,2024-09-12
Kenya,Medium,Caramel,3.4,451.27,412.48,150,2024-11-29
Colombia,Light,Floral,4.7,432.7,448.61,130,2024-08-17
Colombia,Dark,Nutty,4.9,200.51,188.69,130,2025-03-18
Ethiopia,Light,Nutty,4.4,321.39,318.75,140,2024-07-13
Ethiopia,Dark,Fruity,4.7,296.85,323.71,140,2024-10-28
Kenya,Medium,Chocolatey,3.6,275.94,277.46,150,2024-11-22
Ethiopia,Light,Caramel,3.8,255.14,268.75,140,2024-07-31
Colombia,Light,Chocolatey,3.3,453.81,491.05,130,2024-10-06
Ethiopia,Dark,Chocolatey,4.3,339.76,322.24,140,2025-03-28
Kenya,Light,Chocolatey,3.3,294.18,314.79,150,2024-12-26
Brazil,Dark,Chocolatey,3.7,457.91,500.67,120,2024-09-21
Ethiopia,Light,Fruity,3.1,421.75,411.48,140,2024-08-03
Colombia,Medium,Chocolatey,3.6,252.75,256.37,130,2025-06-23
Guatemala,Dark,Chocolatey,3.1,492.88,450.41,135,2025-05-08
Ethiopia,Dark,Caramel,3.9,253.36,269.95,140,2025-04-30
Brazil,Light,Nutty,4.7,395.43,394.49,120,2024-11-22
Guatemala,Light,Floral,4.2,210.26,220.18,135,2025-05-27
Brazil,Medium,Floral,3.7,453.82,487.94,120,2025-05-01
Colombia,Light,Floral,3.4,291.56,311.07,130,2025-01-10
Ethiopia,Light,Fruity,4.4,348.43,362.93,140,2025-04-27
Guatemala,Medium,Nutty,4.9,440.39,415.61,135,2025-04-20
Ethiopia,Medium,Fruity,3.9,257.05,243.5,140,2024-12-18
Guatemala,Light,Fruity,3.8,357.79,390.97,135,2025-04-14
Colombia,Medium,Floral,3.0,391.79,374.71,130,2024-08-10
Ethiopia,Light,Caramel,3.9,201.34,192.7,140,2025-05-30
Guatemala,Medium,Chocolatey,4.2,307.11,319.66,135,2025-04-24
Colombia,Light,Nutty,3.1,205.8,188.1,130,2024-11-12
Kenya,Light,Caramel,3.5,286.65,312.45,150,2024-08-29
Brazil,Light,Caramel,4.0,455.14,433.52,120,2024-09-02
Colombia,Medium,Chocolatey,3.5,365.07,395.84,130,2024-07-20
Brazil,Medium,Nutty,4.0,493.92,508.6,120,2024-10-16
Brazil,Medium,Fruity,4.8,356.63,359.6,120,2024-07-02
Guatemala,Dark,Nutty,4.4,288.48,298.39,135,2025-02-02
Brazil,Dark,Fruity,4.4,337.6,342.48,120,2024-09-17
Brazil,Medium,Chocolatey,3.9,288.15,302.84,120,2024-09-01
Guatemala,Light,Chocolatey,4.2,410.2,444.74,135,2024-11-06
Colombia,Dark,Nutty,4.9,218.22,205.07,130,2024-10-05
Guatemala,Medium,Nutty,3.9,455.15,428.64,135,2024-10-11
Brazil,Light,Chocolatey,4.5,403.12,376.04,120,2024-07-10
Kenya,Dark,Fruity,4.0,389.74,352.9,150,2024-12-21
Colombia,Medium,Fruity,4.4,317.07,340.87,130,2024-07-27
Brazil,Dark,Caramel,3.1,345.11,351.09,120,2024-08-02
Colombia,Dark,Chocolatey,4.8,355.85,346.26,130,2024-09-22
Kenya,Medium,Nutty,3.2,331.19,315.1,150,2024-09-25
Ethiopia,Light,Fruity,4.1,393.21,404.81,140,2024-09-08
Brazil,Dark,Floral,3.8,432.42,416.03,120,2024-08-06
Ethiopia,Dark,Nutty,4.7,221.67,226.5,140,2024-07-10
Guatemala,Medium,Nutty,4.3,348.95,382.75,135,2025-02-06
Guatemala,Dark,Chocolatey,3.9,457.89,435.18,135,2025-02-11
Colombia,Light,Caramel,3.2,274.38,259.35,130,2024-09-08
Ethiopia,Medium,Fruity,3.1,336.27,306.69,140,2025-04-12
Guatemala,Light,Floral,4.4,455.52,450.87,135,2024-09-11
Colombia,Medium,Fruity,3.5,410.81,410.9,130,2024-10-31
Ethiopia,Light,Caramel,4.1,496.92,536.11,140,2024-08-03
Guatemala,Light,Chocolatey,3.4,282.0,283.19,135,2024-09-02
Colombia,Dark,Caramel,4.9,251.05,256.57,130,2024-09-16
Guatemala,Light,Chocolatey,3.3,229.36,215.52,135,2025-04-26
Brazil,Light,Fruity,4.4,275.79,253.6,120,2025-03-07
Guatemala,Medium,Fruity,4.6,324.55,320.0,135,2024-11-11
Kenya,Medium,Nutty,3.1,235.69,213.03,150,2024-10-03
Kenya,Dark,Fruity,4.3,380.77,373.36,150,2025-05-20
Brazil,Dark,Fruity,3.7,338.97,329.15,120,2025-06-07
Brazil,Light,Chocolatey,4.2,428.13,425.48,120,2024-12-01
Kenya,Dark,Caramel,3.7,388.63,426.29,150,2024-10-10
Colombia,Medium,Floral,3.5,473.06,517.06,130,2025-05-30
Brazil,Dark,Chocolatey,3.5,368.32,397.09,120,2024-11-17
Ethiopia,Light,Fruity,4.7,452.45,413.38,140,2024-10-02
Colombia,Light,Fruity,4.3,491.88,508.85,130,2025-05-26
Colombia,Medium,Caramel,4.8,288.53,310.85,130,2025-05-17
Kenya,Medium,Chocolatey,3.2,207.73,225.52,150,2024-08-07
Colombia,Medium,Caramel,3.5,270.51,256.15,130,2024-10-31
Brazil,Dark,Chocolatey,4.0,405.69,406.33,120,2024-12-17
Kenya,Light,Floral,3.2,411.7,371.86,150,2024-08-02
Ethiopia,Medium,Nutty,3.6,230.76,236.76,140,2024-07-02
Colombia,Medium,Floral,3.8,287.09,268.99,130,2024-09-07
Ethiopia,Dark,Floral,4.8,310.12,295.77,140,2024-08-23
Guatemala,Dark,Fruity,3.1,417.94,404.76,135,2024-08-21
Kenya,Medium,Caramel,4.9,252.69,245.05,150,2025-01-30
Ethiopia,Dark,Floral,4.1,476.69,450.6,140,2025-02-03
Guatemala,Dark,Fruity,4.9,479.97,521.14,135,2025-06-09
Brazil,Medium,Caramel,3.7,307.23,292.79,120,2024-11-18
Brazil,Light,Fruity,4.7,398.89,419.53,120,2024-11-13
Brazil,Light,Floral,4.4,278.38,278.11,120,2025-01-21
Brazil,Dark,Fruity,4.4,275.99,272.03,120,2024-09-07
Kenya,Medium,Caramel,4.7,313.32,329.83,150,2025-05-23
Ethiopia,Medium,Nutty,4.4,288.83,282.59,140,2025-01-26
Brazil,Medium,Fruity,4.1,256.8,245.18,120,2025-05-16
Guatemala,Dark,Nutty,4.8,398.2,406.52,135,2024-10-29
Ethiopia,Dark,Chocolatey,4.1,323.94,355.17,140,2025-01-27
Guatemala,Medium,Caramel,4.7,279.95,280.04,135,2025-06-27
Colombia,Light,Fruity,3.1,280.78,267.05,130,2025-03-01
Brazil,Medium,Fruity,3.9,482.88,484.64,120,2024-07-04
Ethiopia,Light,Nutty,3.4,264.96,287.69,140,2025-05-24
Kenya,Dark,Caramel,3.8,322.28,313.7,150,2024-07-04
Ethiopia,Light,Floral,3.7,294.84,321.26,140,2025-05-26
Colombia,Light,Fruity,3.1,276.31,297.67,130,2024-11-08
Guatemala,Medium,Caramel,4.3,453.05,480.5,135,2025-04-05
Colombia,Dark,Caramel,3.3,426.82,409.84,130,2024-10-01
Ethiopia,Medium,Floral,4.2,326.4,307.35,140,2025-06-16
Colombia,Dark,Nutty,3.9,239.99,217.31,130,2025-02-27
Brazil,Medium,Chocolatey,3.8,231.84,210.2,120,2024-09-18
Brazil,Light,Nutty,3.3,494.82,533.48,120,2025-05-30
Ethiopia,Medium,Chocolatey,4.1,366.31,388.16,140,2024-10-01
Guatemala,Medium,Fruity,3.4,307.16,295.33,135,2025-04-14
Kenya,Light,Nutty,3.2,305.09,281.28,150,2024-11-15
Guatemala,Dark,Chocolatey,3.7,289.77,309.95,135,2025-03-27
Guatemala,Light,Floral,4.1,299.38,314.36,135,2024-07-30
Brazil,Dark,Chocolatey,3.0,278.26,273.73,120,2025-05-28
Ethiopia,Dark,Chocolatey,4.7,229.25,209.85,140,2025-06-01
Guatemala,Light,Nutty,4.3,353.88,358.12,135,2025-04-09
Brazil,Medium,Chocolatey,4.2,371.79,343.41,120,2025-04-21
Guatemala,Light,Caramel,4.0,367.72,385.38,135,2024-07-27
Brazil,Light,Fruity,3.9,362.15,345.38,120,2024-10-30
Colombia,Dark,Fruity,3.5,208.12,218.16,130,2025-04-06
Ethiopia,Medium,Floral,3.7,239.02,251.43,140,2025-06-06
Guatemala,Medium,Floral,3.4,423.18,411.92,135,2024-09-06
Guatemala,Dark,Nutty,5.0,249.99,227.93,135,2024-09-22
Kenya,Light,Caramel,4.5,385.84,380.84,150,2025-06-11
Guatemala,Dark,Floral,3.0,382.88,377.3,135,2024-12-14
Guatemala,Medium,Nutty,4.3,302.98,297.4,135,2025-05-18
Guatemala,Dark,Floral,4.2,404.02,437.7,135,2025-02-26
Kenya,Medium,Caramel,4.4,268.68,291.59,150,2024-10-23
Guatemala,Dark,Floral,3.7,360.85,355.79,135,2025-01-05
Ethiopia,Light,Chocolatey,3.2,486.66,451.14,140,2025-02-11
Ethiopia,Dark,Floral,4.3,349.52,355.17,140,2025-04-16
Ethiopia,Light,Floral,4.0,211.28,195.43,140,2025-06-09
Brazil,Dark,Fruity,4.2,308.22,303.51,120,2025-03-20
Brazil,Dark,Caramel,3.1,374.33,375.17,120,2025-02-01
Brazil,Medium,Caramel,4.7,451.96,434.1,120,2025-05-06
Kenya,Medium,Chocolatey,4.1,330.88,343.43,150,2024-09-16
Ethiopia,Light,Chocolatey,4.3,285.1,281.28,140,2025-02-02
Ethiopia,Medium,Caramel,4.0,351.35,336.17,140,2025-04-21
Brazil,Light,Chocolatey,4.5,439.37,478.3,120,2025-02-11
Ethiopia,Light,Caramel,4.3,205.75,205.27,140,2024-11-27
Colombia,Dark,Chocolatey,3.5,261.29,268.84,130,2025-03-22
Kenya,Dark,Caramel,3.5,240.16,252.95,150,2025-06-02
Colombia,Dark,Nutty,4.1,248.72,243.69,130,2024-10-30
Ethiopia,Dark,Fruity,3.1,341.55,325.34,140,2024-11-02
Guatemala,Dark,Nutty,4.2,466.24,506.88,135,2025-03-26
Colombia,Dark,Chocolatey,4.0,251.06,233.74,130,2025-02-09
Guatemala,Medium,Fruity,3.0,313.28,335.76,135,2025-02-16
Ethiopia,Medium,Chocolatey,4.3,439.16,409.7,140,2025-03-30
Ethiopia,Light,Floral,4.6,422.63,382.49,140,2025-05-28
Kenya,Medium,Floral,4.4,248.8,237.71,150,2024-09-19
Guatemala,Dark,Floral,4.5,476.17,514.74,135,2024-07-19
Guatemala,Medium,Fruity,4.1,498.99,495.74,135,2025-02-07
Guatemala,Medium,Chocolatey,3.3,382.53,367.26,135,2024-12-16
Kenya,Light,Floral,4.3,368.01,361.53,150,2024-08-16
Brazil,Medium,Fruity,3.0,425.12,402.47,120,2024-10-27
Guatemala,Light,Floral,3.0,391.53,357.11,135,2025-05-17
Colombia,Dark,Caramel,4.1,348.91,378.49,130,2025-02-20
Ethiopia,Medium,Floral,3.6,381.63,345.13,140,2024-07-04
Ethiopia,Medium,Fruity,4.4,269.23,293.11,140,2024-07-24
Colombia,Medium,Chocolatey,3.8,451.63,451.63,130,2024-12-07
Guatemala,Dark,Caramel,3.4,360.69,368.24,135,2024-09-16
Guatemala,Medium,Caramel,3.3,356.01,333.67,135,2024-08-26
Ethiopia,Dark,Chocolatey,4.4,297.84,286.38,140,2024-08-03
Colombia,Dark,Chocolatey,4.5,299.14,312.27,130,2025-06-10
Colombia,Light,Fruity,4.5,476.83,451.9,130,2024-11-28
Kenya,Light,Nutty,3.5,372.96,366.64,150,2025-01-14
Brazil,Dark,Floral,4.1,216.27,201.4,120,2025-05-20
Brazil,Light,Floral,4.6,375.38,338.25,120,2025-02-27
Kenya,Dark,Caramel,3.6,407.31,443.56,150,2024-12-05
Colombia,Medium,Chocolatey,4.4,423.28,399.44,130,2024-09-12
Ethiopia,Dark,Nutty,3.5,343.71,352.0,140,2024-10-20
Ethiopia,Dark,Nutty,3.2,405.29,426.36,140,2024-07-29
Kenya,Light,Caramel,3.8,276.04,251.43,150,2024-10-16
Ethiopia,Light,Chocolatey,4.7,336.92,357.48,140,2024-07-30
Ethiopia,Light,Floral,3.0,496.98,501.99,140,2024-12-26
Brazil,Light,Nutty,3.0,375.98,374.5,120,2025-02-03
Kenya,Dark,Chocolatey,3.9,373.34,380.05,150,2025-03-24
Colombia,Light,Caramel,3.6,236.78,218.19,130,2024-10-27
Colombia,Dark,Floral,4.6,311.75,327.46,130,2025-03-06
Guatemala,Medium,Nutty,3.2,445.11,488.42,135,2024-11-03
Colombia,Medium,Chocolatey,4.6,362.1,328.29,130,2025-04-17
Kenya,Medium,Nutty,4.2,459.51,446.06,150,2024-09-15
Guatemala,Dark,Caramel,4.1,286.08,264.48,135,2024-11-16
Ethiopia,Medium,Caramel,3.1,246.92,256.19,140,2025-02-15
Brazil,Light,Nutty,3.4,471.75,490.14,120,2024-12-05
Brazil,Dark,Floral,4.4,424.93,394.93,120,2024-08-21
Guatemala,Medium,Nutty,4.8,371.7,389.52,135,2025-05-14
Colombia,Medium,Nutty,4.0,403.33,364.62,130,2024-08-06
Colombia,Dark,Chocolatey,3.8,317.05,312.61,130,2024-12-21
Colombia,Medium,Nutty,4.9,219.63,235.58,130,2025-02-26
Guatemala,Medium,Fruity,3.8,230.37,239.03,135,2025-04-12
Guatemala,Light,Nutty,4.4,246.74,254.97,135,2024-08-29
Ethiopia,Dark,Nutty,4.3,251.67,269.19,140,2025-05-12
Colombia,Medium,Chocolatey,4.2,251.67,259.88,130,2024-10-05
Guatemala,Medium,Fruity,4.0,299.64,318.85,135,2025-04-23
Ethiopia,Light,Fruity,4.7,325.43,310.48,140,2025-04-21
Kenya,Dark,Floral,4.6,299.79,295.88,150,2024-12-02
Kenya,Dark,Chocolatey,3.7,354.29,346.07,150,2024-08-05
Colombia,Dark,Fruity,3.7,450.11,490.29,130,2024-10-21
Brazil,Medium,Chocolatey,4.2,351.23,320.8,120,2024-09-19
Ethiopia,Dark,Caramel,4.9,266.72,291.66,140,2024-07-08
Brazil,Dark,Chocolatey,3.8,355.92,382.06,120,2024-08-23
Colombia,Dark,Chocolatey,3.8,221.3,205.85,130,2025-04-11
Brazil,Medium,Nutty,4.7,478.35,512.87,120,2024-11-24
Kenya,Light,Caramel,3.8,369.6,382.88,150,2024-09-26
Brazil,Medium,Fruity,4.8,421.02,457.93,120,2024-09-14
Kenya,Medium,Chocolatey,4.6,390.8,395.87,150,2024-07-14
Ethiopia,Dark,Floral,3.0,411.72,447.91,140,2025-05-02
Colombia,Medium,Caramel,4.9,319.86,316.04,130,2024-10-10
Ethiopia,Medium,Caramel,3.9,383.34,413.1,140,2024-12-14
Brazil,Dark,Caramel,3.9,281.47,275.45,120,2024-12-03
Guatemala,Dark,Floral,3.4,439.15,448.78,135,2024-12-14
Kenya,Dark,Chocolatey,3.4,211.99,227.42,150,2025-05-29
Colombia,Medium,Chocolatey,5.0,216.11,234.52,130,2025-05-13
Brazil,Light,Caramel,3.2,203.93,214.31,120,2024-12-04
Kenya,Medium,Floral,3.1,265.22,285.88,150,2024-12-08
Kenya,Light,Fruity,3.8,467.27,431.36,150,2025-06-02
Brazil,Light,Chocolatey,4.1,420.58,439.69,120,2025-02-01
Brazil,Light,Fruity,4.3,424.33,453.56,120,2025-04-11
Colombia,Light,Fruity,4.7,295.21,274.48,130,2024-08-11
Guatemala,Dark,Chocolatey,3.3,457.06,425.4,135,2025-02-05
Kenya,Dark,Caramel,3.4,284.53,301.41,150,2024-09-27
Ethiopia,Light,Floral,3.4,294.74,298.02,140,2025-06-26
Colombia,Medium,Chocolatey,4.8,306.81,283.37,130,2025-03-28
Colombia,Dark,Fruity,3.8,226.22,207.49,130,2024-09-18
Kenya,Medium,Floral,4.5,315.43,306.96,150,2024-10-22
Ethiopia,Light,Floral,3.2,236.72,216.87,140,2025-04-19
Brazil,Dark,Floral,3.5,425.93,402.73,120,2025-02-08
Ethiopia,Medium,Floral,4.3,488.8,481.98,140,2024-07-28
Kenya,Medium,Floral,3.5,490.81,458.68,150,2025-04-23
Kenya,Dark,Nutty,4.6,482.67,517.42,150,2024-09-26
Kenya,Medium,Nutty,3.2,383.59,400.48,150,2025-04-15
Ethiopia,Dark,Nutty,4.6,413.62,390.18,140,2025-01-08
Kenya,Light,Chocolatey,3.5,477.77,475.8,150,2024-08-27
Guatemala,Light,Caramel,4.8,365.21,359.61,135,2024-07-02
Kenya,Medium,Nutty,3.8,479.86,510.52,150,2024-09-27
Brazil,Medium,Chocolatey,4.1,318.91,337.49,120,2025-05-01
Kenya,Medium,Fruity,3.7,233.91,242.97,150,2024-09-30
Guatemala,Light,Caramel,4.5,312.39,315.95,135,2025-02-22
Guatemala,Medium,Chocolatey,3.4,345.63,315.52,135,2024-07-27
Ethiopia,Dark,Nutty,3.7,455.35,459.65,140,2025-05-09
Kenya,Dark,Caramel,4.3,246.9,222.76,150,2025-03-17
Colombia,Medium,Caramel,3.4,248.56,271.36,130,2025-01-27
Guatemala,Dark,Nutty,3.3,278.67,257.73,135,2024-10-21
Kenya,Dark,Nutty,4.2,272.16,264.56,150,2025-01-28
Brazil,Dark,Caramel,3.9,304.51,308.76,120,2025-01-21
Guatemala,Medium,Fruity,3.7,485.94,501.8,135,2025-01-22
Colombia,Medium,Chocolatey,4.1,477.93,523.12,130,2024-09-09
Kenya,Medium,Fruity,3.3,462.42,499.83,150,2025-04-18
Guatemala,Dark,Fruity,3.1,200.66,189.03,135,2025-05-10
Brazil,Dark,Floral,3.9,444.46,420.07,120,2024-09-11
Colombia,Light,Caramel,4.0,404.39,374.3,130,2025-04-30
Colombia,Dark,Caramel,3.9,350.48,335.97,130,2025-05-29
Guatemala,Medium,Floral,4.8,401.43,433.56,135,2024-12-10
Guatemala,Dark,Fruity,4.1,465.59,473.78,135,2024-11-25
Guatemala,Dark,Chocolatey,4.5,328.88,330.75,135,2024-09-23
Ethiopia,Dark,Chocolatey,4.7,448.15,432.13,140,2025-02-20
Guatemala,Dark,Nutty,4.2,259.88,273.28,135,2024-09-30
Ethiopia,Medium,Nutty,3.3,301.51,290.16,140,2025-04-05
Ethiopia,Light,Fruity,3.0,253.57,265.19,140,2024-07-16
Brazil,Dark,Nutty,3.0,294.75,287.3,120,2024-10-29
Ethiopia,Dark,Floral,4.3,307.16,325.57,140,2025-03-03
Kenya,Light,Fruity,4.0,485.79,509.75,150,2025-04-28
Brazil,Light,Caramel,4.1,244.31,227.6,120,2025-01-12
Kenya,Light,Caramel,3.8,454.3,465.35,150,2024-09-24
Ethiopia,Medium,Floral,3.7,468.33,476.72,140,2024-09-21
Guatemala,Dark,Fruity,4.0,257.57,246.66,135,2025-01-02
Ethiopia,Dark,Fruity,3.5,309.37,299.11,140,2025-03-29
Kenya,Medium,Caramel,3.2,259.46,263.29,150,2025-02-06
Colombia,Medium,Chocolatey,4.0,221.63,231.33,130,2025-05-10
Ethiopia,Light,Chocolatey,4.0,232.86,234.97,140,2024-11-26
Guatemala,Dark,Fruity,4.6,479.05,462.03,135,2024-11-12
Kenya,Light,Caramel,3.5,407.11,373.76,150,2024-08-21
Brazil,Medium,Chocolatey,4.7,398.28,374.47,120,2025-05-04
Colombia,Medium,Chocolatey,4.6,343.32,324.29,130,2025-03-30
Colombia,Light,Chocolatey,3.4,229.77,207.81,130,2024-11-06
Ethiopia,Light,Chocolatey,4.0,284.02,278.61,140,2024-12-21
Ethiopia,Dark,Floral,3.0,340.23,318.94,140,2024-08-20
Colombia,Light,Chocolatey,4.9,316.9,289.57,130,2024-09-04
Guatemala,Medium,Fruity,3.7,396.3,369.82,135,2024-10-24
Guatemala,Light,Nutty,4.5,337.07,329.53,135,2024-10-19
Colombia,Medium,Floral,3.8,366.01,378.38,130,2024-10-03
Ethiopia,Medium,Nutty,4.0,411.39,377.76,140,2024-12-14
Brazil,Dark,Chocolatey,3.1,269.47,256.29,120,2024-10-25
Ethiopia,Light,Floral,4.9,392.21,407.68,140,2025-06-06
Kenya,Medium,Floral,4.3,268.71,265.31,150,2024-10-04
Guatemala,Light,Chocolatey,4.5,466.23,464.17,135,2024-09-17
Ethiopia,Light,Caramel,4.7,272.46,280.93,140,2024-10-23
Guatemala,Medium,Nutty,3.5,369.1,355.71,135,2025-04-22
Kenya,Light,Fruity,4.9,327.44,311.44,150,2025-02-18
Colombia,Medium,Chocolatey,3.1,285.04,260.54,130,2025-01-10
Colombia,Medium,Caramel,3.2,484.05,505.79,130,2024-10-24
Kenya,Light,Floral,3.3,416.43,432.07,150,2025-01-24
Colombia,Dark,Nutty,3.6,336.8,339.44,130,2025-02-09
Brazil,Light,Nutty,3.3,334.63,319.83,120,2024-10-04
Brazil,Light,Caramel,3.9,319.37,322.1,120,2025-06-07
Ethiopia,Light,Caramel,3.6,474.57,521.19,140,2025-04-24
Ethiopia,Light,Nutty,4.1,394.84,423.34,140,2024-09-20
Kenya,Dark,Caramel,3.9,323.73,333.44,150,2024-07-15
Guatemala,Medium,Caramel,3.4,433.06,468.2,135,2025-03-17
Kenya,Dark,Caramel,4.9,468.93,466.39,150,2024-11-05
Colombia,Dark,Nutty,3.3,483.33,517.58,130,2025-05-08
Colombia,Medium,Fruity,4.3,349.06,360.68,130,2025-04-01
Ethiopia,Light,Fruity,4.2,401.71,435.2,140,2025-05-10
Colombia,Light,Nutty,4.0,483.98,447.28,130,2025-06-16
Guatemala,Medium,Fruity,4.0,396.61,420.76,135,2025-03-12
Guatemala,Medium,Nutty,4.8,207.75,202.79,135,2024-09-03
Guatemala,Dark,Nutty,4.8,360.9,348.83,135,2025-04-22
Guatemala,Dark,Floral,4.0,469.04,495.53,135,2025-05-19
Colombia,Medium,Nutty,4.0,220.0,223.16,130,2024-09-13
Kenya,Medium,Caramel,4.2,290.9,300.6,150,2024-09-20
Kenya,Dark,Chocolatey,3.3,208.48,228.43,150,2025-06-03
Colombia,Light,Fruity,3.1,308.62,337.24,130,2025-02-23
Ethiopia,Dark,Nutty,3.1,286.31,293.39,140,2024-08-01
Kenya,Dark,Fruity,4.9,228.03,208.65,150,2025-02-17
Kenya,Light,Fruity,3.3,274.32,247.29,150,2024-10-30
Brazil,Medium,Nutty,3.6,386.68,375.05,120,2024-10-25
Colombia,Light,Caramel,3.6,298.8,283.7,130,2024-08-11
Guatemala,Light,Caramel,5.0,369.11,342.42,135,2024-07-16
Ethiopia,Dark,Caramel,4.7,314.69,291.68,140,2025-03-22
Colombia,Dark,Nutty,4.4,216.03,197.14,130,2025-04-18
Guatemala,Dark,Nutty,4.3,463.72,486.94,135,2024-08-14
Ethiopia,Dark,Chocolatey,4.8,446.45,454.37,140,2024-07-29
Kenya,Light,Caramel,4.1,244.89,237.1,150,2024-08-02
Brazil,Medium,Chocolatey,4.4,243.72,234.13,120,2025-02-09
Colombia,Medium,Chocolatey,4.1,201.88,214.85,130,2024-12-15
Guatemala,Light,Fruity,4.4,406.16,379.59,135,2025-05-16
Kenya,Dark,Caramel,4.1,325.17,312.02,150,2024-12-26
Kenya,Light,Caramel,3.2,449.81,452.61,150,2024-11-20
Guatemala,Dark,Nutty,3.7,216.84,208.13,135,2024-07-11
Colombia,Dark,Chocolatey,4.6,355.31,370.03,130,2024-07-02
Guatemala,Medium,Fruity,4.3,340.02,355.94,135,2024-09-25
Brazil,Light,Caramel,4.8,238.4,242.07,120,2025-05-23
Colombia,Light,Floral,3.6,434.53,395.28,130,2024-09-21
Colombia,Light,Chocolatey,4.6,336.9,332.25,130,2024-11-21
Kenya,Light,Nutty,3.0,442.91,420.87,150,2024-07-18
Guatemala,Light,Fruity,4.7,258.44,276.5,135,2025-01-07
Ethiopia,Light,Nutty,4.9,207.63,223.82,140,2024-10-05
Kenya,Light,Caramel,4.1,364.81,371.63,150,2024-09-06
Ethiopia,Light,Floral,4.8,420.42,388.34,140,2025-06-12
Brazil,Dark,Fruity,4.6,360.13,348.22,120,2024-09-16
Guatemala,Dark,Fruity,3.7,382.12,371.17,135,2025-03-11
Kenya,Medium,Floral,3.7,210.79,211.96,150,2024-10-08
Kenya,Light,Floral,4.5,277.5,250.6,150,2024-10-21
Brazil,Dark,Chocolatey,4.5,226.05,247.71,120,2024-12-31
Guatemala,Dark,Fruity,4.9,296.17,272.35,135,2025-01-14
Kenya,Light,Caramel,4.3,231.23,250.11,150,2024-07-03
Ethiopia,Medium,Caramel,4.9,348.05,346.79,140,2025-05-06
Kenya,Medium,Nutty,3.2,329.42,297.32,150,2024-11-21
Kenya,Dark,Nutty,3.9,416.31,455.26,150,2024-10-25
Kenya,Dark,Chocolatey,3.9,374.65,365.16,150,2024-10-26
Guatemala,Medium,Nutty,3.2,332.65,348.32,135,2025-02-11
Ethiopia,Light,Nutty,4.4,340.84,350.14,140,2024-12-21
Brazil,Dark,Fruity,3.8,270.02,264.85,120,2025-02-08
Colombia,Dark,Caramel,3.9,374.26,340.76,130,2024-10-08
Kenya,Medium,Fruity,4.5,219.23,205.41,150,2024-12-11
Colombia,Medium,Caramel,4.7,233.65,240.74,130,2025-03-25
Colombia,Dark,Nutty,3.6,495.63,474.16,130,2024-11-07
Kenya,Light,Floral,3.6,345.88,332.38,150,2025-04-17
Brazil,Light,Nutty,4.9,375.17,412.59,120,2025-04-09
Kenya,Light,Nutty,4.2,291.36,318.78,150,2025-04-07
Ethiopia,Light,Floral,4.9,421.66,455.42,140,2024-06-30
Brazil,Dark,Floral,4.6,342.96,360.35,120,2025-03-08
Colombia,Medium,Fruity,3.1,217.35,214.03,130,2025-04-20
Colombia,Light,Fruity,3.3,234.55,243.67,130,2024-07-08
Colombia,Light,Chocolatey,4.9,373.48,360.24,130,2025-01-01
Colombia,Light,Chocolatey,4.7,345.5,342.68,130,2025-05-20
Guatemala,Light,Floral,3.9,347.0,380.61,135,2024-07-11
Brazil,Medium,Fruity,4.7,317.13,328.44,120,2024-09-01
Guatemala,Light,Floral,3.5,369.08,370.59,135,2024-12-07
Colombia,Light,Floral,3.1,317.03,301.17,130,2025-02-06
Ethiopia,Light,Nutty,4.1,339.59,347.7,140,2025-03-12
Ethiopia,Light,Chocolatey,4.8,365.78,330.18,140,2025-06-18
Kenya,Medium,Chocolatey,3.4,274.96,275.54,150,2025-06-24
Ethiopia,Medium,Chocolatey,4.6,402.31,430.53,140,2024-12-27
Brazil,Light,Chocolatey,4.4,452.45,412.45,120,2024-10-06
Ethiopia,Medium,Chocolatey,4.8,259.74,245.1,140,2025-04-08
Colombia,Dark,Chocolatey,3.2,353.19,322.26,130,2025-01-29
Guatemala,Dark,Caramel,4.7,212.19,203.45,135,2024-07-04
Colombia,Light,Nutty,5.0,329.96,352.08,130,2024-10-10
Kenya,Dark,Fruity,4.1,422.25,444.42,150,2024-08-05
Guatemala,Medium,Fruity,5.0,298.34,325.56,135,2024-08-25
Guatemala,Medium,Caramel,4.9,227.6,246.63,135,2024-10-28
Brazil,Light,Caramel,4.6,298.11,298.83,120,2024-08-28
Guatemala,Medium,Chocolatey,4.2,212.27,200.0,135,2024-12-22
Colombia,Light,Chocolatey,4.5,432.4,448.75,130,2024-07-29
Brazil,Light,Floral,4.5,218.16,211.23,120,2024-07-21
Colombia,Medium,Floral,4.6,329.45,354.31,130,2024-10-21
Guatemala,Dark,Caramel,4.7,330.64,331.26,135,2024-09-06
Guatemala,Medium,Chocolatey,4.5,304.59,299.5,135,2024-10-13
Ethiopia,Dark,Caramel,3.2,218.76,214.9,140,2025-03-01
Brazil,Light,Fruity,4.4,386.33,399.5,120,2025-02-24
Ethiopia,Light,Fruity,4.3,381.36,347.69,140,2025-04-11
Guatemala,Medium,Nutty,4.8,363.09,372.83,135,2025-02-16
Colombia,Light,Floral,4.9,282.37,289.47,130,2024-10-17
Guatemala,Dark,Fruity,5.0,211.35,215.17,135,2025-03-10
Ethiopia,Light,Floral,3.8,266.27,277.02,140,2025-05-14
Guatemala,Dark,Fruity,3.1,214.86,216.47,135,2024-12-02
Kenya,Medium,Fruity,4.8,220.29,240.02,150,2025-04-05
Ethiopia,Dark,Nutty,4.1,318.75,290.66,140,2024-12-30
Colombia,Dark,Caramel,3.0,249.33,255.98,130,2025-05-19
Brazil,Medium,Floral,4.8,494.1,462.22,120,2024-09-08
Colombia,Medium,Caramel,3.7,452.62,439.13,130,2024-10-03
Guatemala,Dark,Chocolatey,3.6,323.12,333.9,135,2024-09-11
Colombia,Medium,Floral,3.2,385.64,382.38,130,2024-11-12
Ethiopia,Medium,Floral,4.0,321.77,305.24,140,2025-05-09
Guatemala,Medium,Nutty,3.9,435.6,396.46,135,2025-06-02
Guatemala,Medium,Fruity,3.9,289.04,269.1,135,2025-05-15
Guatemala,Medium,Floral,4.9,424.0,450.24,135,2025-03-27
Kenya,Medium,Chocolatey,4.9,239.17,248.49,150,2025-06-20
Kenya,Medium,Caramel,4.8,312.28,332.88,150,2025-01-19
Brazil,Medium,Caramel,4.2,374.04,408.41,120,2024-08-03
Brazil,Medium,Chocolatey,3.5,240.56,228.03,120,2025-03-20
Brazil,Dark,Caramel,4.8,494.57,497.64,120,2024-11-19
Brazil,Dark,Floral,4.9,377.25,410.32,120,2024-08-28
Ethiopia,Light,Caramel,3.3,443.48,480.79,140,2025-05-06
Kenya,Light,Chocolatey,4.0,295.37,272.62,150,2025-05-09
Guatemala,Medium,Caramel,4.5,324.74,301.49,135,2024-07-02
Kenya,Medium,Caramel,4.9,228.36,239.19,150,2024-11-17
Guatemala,Dark,Caramel,3.0,384.25,393.34,135,2025-02-02
Kenya,Light,Caramel,4.7,423.09,429.75,150,2025-03-27
Ethiopia,Light,Fruity,4.2,450.35,438.25,140,2025-03-26
Brazil,Light,Fruity,3.6,442.25,479.5,120,2025-05-12
Kenya,Medium,Chocolatey,4.8,494.16,510.09,150,2024-09-28
Ethiopia,Light,Floral,4.3,336.51,310.53,140,2024-07-25
Ethiopia,Medium,Nutty,4.4,259.65,247.11,140,2024-07-05
Brazil,Light,Nutty,4.7,436.81,476.22,120,2024-09-25
Colombia,Dark,Floral,4.6,203.54,198.21,130,2025-05-29
Kenya,Light,Nutty,4.7,331.8,319.96,150,2024-10-18
Guatemala,Light,Nutty,3.2,232.69,231.09,135,2024-07-13
Kenya,Dark,Chocolatey,3.3,339.77,321.82,150,2025-06-24
Colombia,Medium,Chocolatey,4.1,263.76,240.66,130,2024-11-24
Ethiopia,Dark,Chocolatey,4.3,204.62,196.58,140,2025-02-17
Brazil,Medium,Fruity,4.5,305.1,328.92,120,2024-09-11
Guatemala,Medium,Fruity,3.6,350.82,347.58,135,2025-01-28
Kenya,Light,Floral,3.1,341.86,351.64,150,2024-11-06
Ethiopia,Dark,Nutty,3.1,434.88,465.25,140,2024-07-02
Brazil,Dark,Fruity,4.4,488.73,443.21,120,2025-05-03
Guatemala,Dark,Nutty,4.9,454.78,471.63,135,2024-07-16
Ethiopia,Dark,Nutty,4.2,476.29,477.91,140,2024-11-07
Kenya,Medium,Fruity,4.4,363.59,399.43,150,2025-06-01
Brazil,Light,Floral,3.9,431.68,438.2,120,2025-06-23
Kenya,Dark,Chocolatey,4.8,447.7,460.47,150,2024-07-07
Kenya,Dark,Nutty,3.1,334.8,320.45,150,2025-06-17
Colombia,Dark,Nutty,3.3,202.24,198.8,130,2024-06-29
Ethiopia,Dark,Floral,3.8,265.26,281.4,140,2025-05-17
Kenya,Light,Caramel,3.4,204.64,188.74,150,2025-01-29
Kenya,Light,Floral,4.7,382.56,407.6,150,2025-02-24
Colombia,Light,Floral,3.1,229.32,233.56,130,2025-03-13
Guatemala,Light,Caramel,3.1,363.11,346.13,135,2025-02-28
Ethiopia,Medium,Caramel,3.9,424.06,401.79,140,2024-06-30
Guatemala,Light,Caramel,3.5,216.16,234.16,135,2024-08-16
Brazil,Medium,Nutty,4.7,445.28,414.03,120,2024-06-29
Guatemala,Dark,Chocolatey,4.1,487.32,503.98,135,2025-05-19
Guatemala,Light,Nutty,3.9,388.54,396.29,135,2025-01-11
Brazil,Light,Fruity,3.1,213.36,223.15,120,2024-12-03
Colombia,Light,Floral,3.2,461.51,434.16,130,2025-01-05
Colombia,Dark,Caramel,4.4,475.95,463.03,130,2025-03-01
Guatemala,Light,Floral,3.8,348.66,367.73,135,2025-02-25
Ethiopia,Medium,Fruity,4.8,205.23,207.49,140,2024-10-25
Kenya,Medium,Caramel,4.5,289.25,282.19,150,2024-10-30
Brazil,Medium,Fruity,4.9,445.85,412.72,120,2025-01-13
Colombia,Light,Chocolatey,4.6,260.37,247.8,130,2025-02-04
Ethiopia,Dark,Fruity,3.1,281.99,271.03,140,2025-03-12
Brazil,Light,Fruity,3.3,411.37,450.61,120,2024-10-26
Ethiopia,Dark,Nutty,3.0,304.98,296.54,140,2025-05-25
Kenya,Dark,Caramel,4.1,483.91,484.47,150,2024-07-22
Kenya,Medium,Fruity,3.0,346.07,316.28,150,2025-05-31
Brazil,Medium,Caramel,3.2,405.87,389.1,120,2025-02-28
Colombia,Dark,Caramel,4.0,270.18,285.23,130,2024-10-10
Ethiopia,Light,Floral,3.7,457.14,500.2,140,2024-12-05
Guatemala,Medium,Caramel,3.9,268.5,256.23,135,2025-04-15
Colombia,Medium,Caramel,3.8,393.63,385.66,130,2025-01-29
Colombia,Dark,Caramel,5.0,420.83,397.7,130,2025-03-14
Brazil,Dark,Nutty,4.5,272.82,294.64,120,2025-05-22
Ethiopia,Medium,Floral,4.1,356.31,322.16,140,2025-06-16
Guatemala,Medium,Chocolatey,4.8,223.81,237.73,135,2024-08-29
Guatemala,Medium,Chocolatey,4.7,288.96,274.42,135,2024-09-28
Kenya,Medium,Nutty,4.8,459.28,490.27,150,2025-04-23
Brazil,Medium,Floral,3.2,203.0,220.24,120,2025-01-01
Ethiopia,Light,Floral,3.9,477.93,518.14,140,2024-09-08
Guatemala,Medium,Floral,3.5,386.26,377.41,135,2024-08-26
Colombia,Medium,Nutty,4.1,423.13,409.01,130,2024-11-29
Colombia,Medium,Chocolatey,3.6,496.31,516.58,130,2024-07-08
Guatemala,Medium,Chocolatey,3.7,344.29,329.44,135,2024-10-01
Kenya,Light,Nutty,3.5,275.19,270.23,150,2024-11-15
Kenya,Medium,Fruity,3.0,314.99,329.19,150,2024-10-22
Guatemala,Dark,Nutty,4.2,232.72,223.95,135,2025-06-21
Kenya,Medium,Caramel,3.6,342.89,354.4,150,2024-10-22
Kenya,Light,Nutty,4.9,370.32,360.84,150,2024-11-15
Colombia,Medium,Chocolatey,3.7,493.53,542.86,130,2024-09-08
Guatemala,Medium,Nutty,4.3,465.1,497.12,135,2025-05-24
Brazil,Light,Floral,3.9,466.38,447.4,120,2024-10-19
Colombia,Light,Chocolatey,3.1,243.32,232.95,130,2025-03-18
Ethiopia,Medium,Caramel,4.6,306.6,294.44,140,2025-04-29
Kenya,Light,Floral,3.7,357.35,356.18,150,2025-02-05
Guatemala,Dark,Chocolatey,3.1,298.8,279.68,135,2025-02-19
Colombia,Medium,Caramel,3.8,274.48,283.65,130,2025-03-29
Brazil,Light,Chocolatey,4.2,490.7,465.97,120,2025-02-24
Ethiopia,Dark,Caramel,4.6,321.8,332.18,140,2024-11-06
Guatemala,Light,Floral,5.0,278.8,284.85,135,2025-01-29
Ethiopia,Medium,Chocolatey,3.9,331.74,331.36,140,2024-08-04
Brazil,Medium,Chocolatey,4.6,345.07,379.5,120,2025-02-09
Brazil,Dark,Floral,3.7,397.8,392.44,120,2024-11-06
Colombia,Medium,Caramel,5.0,248.61,242.78,130,2024-11-03
Ethiopia,Light,Caramel,4.8,428.79,470.62,140,2024-09-09
Colombia,Light,Caramel,4.6,393.03,382.82,130,2025-01-03
Colombia,Medium,Chocolatey,4.5,497.01,477.04,130,2024-11-13
Ethiopia,Light,Chocolatey,4.4,499.51,508.38,140,2025-05-06
Brazil,Medium,Chocolatey,4.6,356.61,388.11,120,2024-07-28
Guatemala,Light,Nutty,4.8,202.47,196.46,135,2025-06-13
Brazil,Medium,Floral,3.6,494.61,535.34,120,2025-03-07
Guatemala,Medium,Chocolatey,4.9,283.05,258.77,135,2025-04-16
Ethiopia,Medium,Nutty,4.8,225.62,223.77,140,2025-06-02
Brazil,Medium,Fruity,3.7,495.28,454.19,120,2024-07-05
Guatemala,Light,Fruity,3.7,232.89,225.88,135,2025-05-01
Ethiopia,Medium,Nutty,4.1,418.85,384.09,140,2024-07-30
Colombia,Light,Chocolatey,3.1,390.9,375.73,130,2024-12-05
Colombia,Light,Nutty,3.3,347.86,364.74,130,2024-11-10
Colombia,Dark,Fruity,4.5,400.91,440.62,130,2024-12-10
Ethiopia,Light,Nutty,3.9,456.58,499.22,140,2025-05-20
Colombia,Light,Caramel,3.0,309.29,306.74,130,2024-12-10
Brazil,Medium,Chocolatey,3.4,286.18,288.57,120,2024-12-06
Kenya,Dark,Fruity,3.8,481.64,524.97,150,2024-10-10
Ethiopia,Dark,Chocolatey,3.8,477.59,490.61,140,2024-08-09
Guatemala,Dark,Fruity,3.9,213.56,231.7,135,2025-04-13
Guatemala,Light,Nutty,4.1,235.62,244.41,135,2025-01-21
Guatemala,Light,Fruity,3.9,414.62,374.87,135,2024-08-07
Brazil,Medium,Floral,3.0,259.75,256.63,120,2025-06-24
Guatemala,Light,Fruity,4.2,421.1,444.61,135,2025-06-08
Guatemala,Dark,Floral,4.5,256.21,258.14,135,2024-09-06
Kenya,Light,Chocolatey,3.3,446.78,485.31,150,2024-11-28
Guatemala,Medium,Caramel,3.1,306.24,305.23,135,2024-08-10
Guatemala,Light,Caramel,4.5,443.99,433.86,135,2024-07-03
Colombia,Light,Nutty,3.1,401.17,383.42,130,2025-04-15
Brazil,Dark,Fruity,4.0,267.01,279.58,120,2025-06-15
Kenya,Dark,Caramel,4.8,217.96,203.23,150,2025-02-14
Guatemala,Dark,Fruity,4.8,299.56,300.77,135,2025-03-04
Colombia,Light,Chocolatey,3.3,495.58,487.92,130,2024-08-27
Guatemala,Light,Nutty,3.3,400.59,423.71,135,2024-10-16
Brazil,Dark,Fruity,3.7,433.78,441.41,120,2025-03-08
Brazil,Light,Caramel,4.5,247.74,244.88,120,2024-11-04
Colombia,Dark,Chocolatey,4.0,267.67,269.66,130,2025-04-30
Colombia,Medium,Caramel,3.4,301.18,319.7,130,2024-12-23
Colombia,Light,Floral,4.4,245.63,230.83,130,2024-12-18
Brazil,Medium,Floral,4.5,295.94,295.69,120,2024-09-25
Brazil,Dark,Fruity,3.3,253.33,266.05,120,2025-03-29
Ethiopia,Dark,Caramel,4.0,239.2,257.01,140,2024-12-01
Kenya,Light,Nutty,4.4,456.97,448.04,150,2025-01-20
Kenya,Dark,Floral,3.1,434.7,449.58,150,2025-06-26
Colombia,Dark,Caramel,4.8,365.36,336.7,130,2024-11-16
Colombia,Medium,Fruity,4.5,436.2,454.36,130,2024-11-28
Colombia,Light,Floral,3.6,396.97,369.39,130,2024-11-09
Colombia,Medium,Floral,4.7,382.16,370.0,130,2025-05-08
Guatemala,Dark,Chocolatey,4.6,262.2,256.58,135,2024-12-31
Ethiopia,Light,Caramel,4.6,476.43,448.54,140,2024-12-28
Ethiopia,Light,Chocolatey,3.6,310.75,328.39,140,2025-03-12
Ethiopia,Dark,Fruity,4.9,369.19,366.39,140,2024-09-23
Ethiopia,Light,Fruity,4.4,296.27,281.46,140,2024-10-23
Ethiopia,Medium,Nutty,3.3,345.72,312.9,140,2024-11-08
Ethiopia,Dark,Floral,4.7,332.41,353.7,140,2024-12-16
Kenya,Dark,Nutty,3.8,283.28,311.19,150,2025-01-24
Colombia,Dark,Floral,3.2,430.55,450.43,130,2024-10-02
Guatemala,Dark,Floral,3.8,382.52,414.24,135,2025-04-04
Colombia,Medium,Fruity,4.1,484.71,526.12,130,2025-03-14
Colombia,Dark,Chocolatey,4.4,491.3,453.35,130,2024-10-25
Colombia,Medium,Floral,4.3,409.09,435.16,130,2025-05-11
Kenya,Medium,Caramel,3.2,317.61,300.48,150,2025-05-08
Ethiopia,Dark,Nutty,3.5,460.46,471.05,140,2025-03-30
Guatemala,Dark,Nutty,4.7,310.36,325.51,135,2024-08-14
Colombia,Light,Chocolatey,3.9,442.69,440.13,130,2025-04-15
Kenya,Dark,Chocolatey,3.2,486.59,442.87,150,2025-01-25
